{
  "name": "blaze-intelligence-enhanced",
  "version": 2,
  "builds": [
    {
      "src": "package.json",
      "use": "@vercel/static-build",
      "config": {
        "distDir": "build"
      }
    }
  ],
  "routes": [
    {
      "src": "/static/(.*)",
      "headers": {
        "cache-control": "public, max-age=31536000, immutable"
      },
      "dest": "/static/$1"
    },
    {
      "src": "/(.*\\.(js|css|png|jpg|jpeg|gif|ico|svg|webp)$)",
      "headers": {
        "cache-control": "public, max-age=31536000, immutable"
      }
    },
    {
      "src": "/service-worker.js",
      "headers": {
        "cache-control": "no-cache, no-store, must-revalidate"
      },
      "dest": "/service-worker.js"
    },
    {
      "src": "/(.*)",
      "dest": "/index.html"
    }
  ],
  "headers": [
    {
      "source": "/(.*)",
      "headers": [
        {
          "key": "X-Frame-Options",
          "value": "DENY"
        },
        {
          "key": "X-Content-Type-Options",
          "value": "nosniff"
        },
        {
          "key": "X-XSS-Protection",
          "value": "1; mode=block"
        },
        {
          "key": "Referrer-Policy",
          "value": "strict-origin-when-cross-origin"
        },
        {
          "key": "Permissions-Policy",
          "value": "camera=(), microphone=(), geolocation=()"
        }
      ]
    }
  ],
  "rewrites": [
    {
      "source": "/api/(.*)",
      "destination": "https://api.blazeintelligence.com/api/$1"
    }
  ]
}